,City,Country,Lat,Lng,Max Temp,Humidity,Cloudiness,Wind Speed,Current Description
0,Cape Town,ZA,-33.9258,18.4232,57.38,74,20,10.36,few clouds
1,San Quintin,MX,30.4833,-115.95,70.5,67,100,8.46,overcast clouds
2,Kapaa,US,22.0752,-159.319,77.32,77,20,16.11,few clouds
3,Hermanus,ZA,-34.4187,19.2345,53.62,67,35,7.31,scattered clouds
4,Arraial Do Cabo,BR,-22.9661,-42.0278,84.16,65,0,12.66,clear sky
5,Chokurdakh,RU,70.6333,147.9167,46.44,63,59,9.75,broken clouds
6,Busselton,AU,-33.65,115.3333,50.72,66,97,13.56,overcast clouds
7,Saint George,US,37.1041,-113.5841,99.32,17,88,8.84,overcast clouds
8,Pevek,RU,69.7008,170.3133,35.49,85,100,2.24,overcast clouds
9,Hithadhoo,MV,-0.6,73.0833,81.03,78,100,8.21,overcast clouds
10,Sao Paulo Do Potengi,BR,-5.895,-35.7628,84.31,68,91,12.24,overcast clouds
11,Tual,ID,-5.6667,132.75,78.57,80,99,13.09,overcast clouds
12,Bredasdorp,ZA,-34.5322,20.0403,50.74,73,69,5.03,broken clouds
13,Upernavik,GL,72.7868,-56.1549,43.21,96,100,5.61,overcast clouds
14,Lima,PE,-12.0432,-77.0282,62.85,72,75,8.05,broken clouds
15,Dikson,RU,73.5069,80.5464,54.09,71,85,10.78,overcast clouds
16,New Norfolk,AU,-42.7826,147.0587,48.9,85,95,1.41,overcast clouds
17,Nanortalik,GL,60.1432,-45.2371,45.61,87,55,11.07,broken clouds
18,Porto Santo,PT,33.072,-16.3415,73.78,73,40,13.8,scattered clouds
19,Synya,RU,65.3718,58.0387,50.83,88,86,2.1,overcast clouds
20,Ola,RU,59.5833,151.2833,56.32,86,97,0.49,overcast clouds
21,Mataura,NZ,-46.1927,168.8643,32.49,89,84,2.57,broken clouds
22,Khor,RU,47.8861,134.9464,59.2,96,64,4.97,broken clouds
23,Hobart,AU,-42.8794,147.3294,48.27,93,100,3.44,overcast clouds
24,Victoria,HK,22.2855,114.1577,84.81,77,3,10.18,clear sky
25,Alofi,NU,-19.0595,-169.9187,69.69,94,76,14.97,broken clouds
26,Shimoda,JP,34.6667,138.95,75.11,88,95,6.8,overcast clouds
27,Yellowknife,CA,62.456,-114.3525,64.92,59,75,17.27,broken clouds
28,Bandarbeyla,SO,9.4942,50.8122,76.46,84,42,30.6,scattered clouds
29,Kruisfontein,ZA,-34.0033,24.7314,51.73,75,70,16.6,broken clouds
30,Port Elizabeth,ZA,-33.918,25.5701,54.32,89,0,19.57,clear sky
31,Clyde River,CA,70.4692,-68.5914,59.23,58,40,5.75,scattered clouds
32,Venado Tuerto,AR,-33.7456,-61.9688,77.0,52,65,6.91,broken clouds
33,Port Lincoln,AU,-34.7333,135.8667,53.46,76,0,10.38,clear sky
34,Nicoya,CR,10.1483,-85.452,83.59,75,86,4.03,overcast clouds
35,Aldan,RU,58.6031,125.3894,66.92,72,68,5.46,broken clouds
36,Hit,IQ,33.6416,42.8251,95.5,13,0,12.28,clear sky
37,Nikolskoye,RU,59.7035,30.7861,71.49,96,94,4.05,overcast clouds
38,Pervomaysk,UA,48.0443,30.8507,74.12,41,0,5.32,clear sky
39,Severo-Kurilsk,RU,50.6789,156.125,53.04,91,99,4.72,overcast clouds
40,Punta Arenas,CL,-53.15,-70.9167,39.22,65,0,11.5,clear sky
41,Saint-Augustin,CA,51.226,-58.6502,66.47,84,98,11.16,overcast clouds
42,Rawson,AR,-43.3002,-65.1023,38.93,98,100,14.88,light rain
43,Vaini,TO,-21.2,-175.2,72.3,70,50,22.5,scattered clouds
44,Kodiak,US,57.79,-152.4072,49.51,81,75,3.44,broken clouds
45,Danville,US,36.586,-79.395,95.86,46,0,4.61,clear sky
46,Talnakh,RU,69.4865,88.3972,72.21,65,68,7.94,broken clouds
47,Port Alfred,ZA,-33.5906,26.891,58.6,73,94,21.07,light rain
48,Namatanai,PG,-3.6667,152.4333,78.46,78,6,5.55,clear sky
49,Barrow,US,71.2906,-156.7887,35.62,93,100,11.5,overcast clouds
50,Haverfordwest,GB,51.8017,-4.9691,65.79,93,100,5.99,overcast clouds
51,Albany,US,42.6001,-73.9662,95.18,39,0,1.01,clear sky
52,Leningradskiy,RU,69.3833,178.4167,34.38,91,99,10.8,overcast clouds
53,Phonhong,LA,18.5007,102.4166,74.82,95,97,2.3,overcast clouds
54,Torbay,CA,47.6666,-52.7314,79.57,78,100,10.36,overcast clouds
55,Hamilton,US,39.1834,-84.5333,80.44,63,20,13.8,few clouds
56,Qaanaaq,GL,77.484,-69.3632,36.97,97,100,0.29,overcast clouds
57,Faanui,PF,-16.4833,-151.75,79.47,72,3,13.13,clear sky
58,Mar Del Plata,AR,-38.0023,-57.5575,60.1,54,100,4.61,overcast clouds
59,Poum,NC,-20.2333,164.0167,74.93,80,7,11.86,clear sky
60,Kavaratti,IN,10.5669,72.642,81.25,79,100,17.45,overcast clouds
61,Tiksi,RU,71.6872,128.8694,45.01,90,78,4.36,broken clouds
62,Carnarvon,AU,-24.8667,113.6333,66.07,69,19,21.97,few clouds
63,Bluff,NZ,-46.6,168.3333,32.81,79,22,5.99,few clouds
64,Tasiilaq,GL,65.6145,-37.6368,41.52,76,100,1.52,overcast clouds
65,Ushuaia,AR,-54.8,-68.3,35.26,69,75,6.91,broken clouds
66,Rikitea,PF,-23.1203,-134.9692,71.76,71,6,8.32,clear sky
67,Chipinge,ZW,-20.1883,32.6236,55.92,65,50,4.03,scattered clouds
68,Ilhabela,BR,-23.7781,-45.3581,75.7,58,53,4.12,broken clouds
69,Provideniya,RU,64.3833,-173.3,44.1,83,98,7.7,overcast clouds
70,Castro,BR,-24.7911,-50.0119,73.04,41,100,5.23,overcast clouds
71,Tuktoyaktuk,CA,69.4541,-133.0374,41.34,94,100,14.03,light rain
72,Balaguer,ES,41.7912,0.8109,93.34,45,0,8.34,clear sky
73,Bocas Del Toro,PA,9.3333,-82.25,82.13,75,92,6.33,overcast clouds
74,La Ronge,CA,55.1001,-105.2842,61.05,67,75,8.05,broken clouds
75,Vahagni,AM,40.907,44.6087,60.64,80,59,2.24,broken clouds
76,Kedrovyy,RU,56.1667,91.8167,50.41,96,19,4.25,few clouds
77,Sault Sainte Marie,CA,46.5168,-84.3333,75.97,48,13,8.86,few clouds
78,Avarua,CK,-21.2078,-159.775,73.45,68,75,10.36,broken clouds
79,Senno,RU,59.5336,33.9167,69.26,67,10,5.68,clear sky
80,Tautira,PF,-17.7333,-149.15,78.94,74,3,16.08,clear sky
81,Bethel,US,41.3712,-73.414,93.09,25,80,4.79,broken clouds
82,Tiznit,MA,29.5833,-9.5,91.72,24,77,5.44,broken clouds
83,Weligama,LK,5.9667,80.4167,78.62,87,84,12.86,broken clouds
84,Vila Velha,BR,-20.3297,-40.2925,82.35,68,40,14.97,scattered clouds
85,Beira,MZ,-19.8436,34.8389,68.09,88,20,5.99,few clouds
86,Geraldton,AU,-28.7667,114.6,59.41,58,100,14.97,overcast clouds
87,Cidreira,BR,-30.1811,-50.2056,65.08,90,60,9.17,broken clouds
88,Atuona,PF,-9.8,-139.0333,76.77,81,29,18.88,light rain
89,Chuy,UY,-33.6971,-53.4616,64.74,88,97,7.58,overcast clouds
90,Lazaro Cardenas,MX,17.9583,-102.2,85.6,65,100,3.51,overcast clouds
91,Puerto Ayora,EC,-0.7393,-90.3518,71.11,74,97,11.1,overcast clouds
92,Lovozero,RU,68.005,35.0117,54.88,86,100,7.02,light rain
93,Deputatskiy,RU,69.3,139.9,48.0,70,92,4.29,overcast clouds
94,Saint-Pierre,RE,-21.3393,55.4781,69.48,77,40,19.57,scattered clouds
95,Cabo San Lucas,MX,22.8909,-109.9124,79.61,81,98,4.23,overcast clouds
96,Gerash,IR,27.6652,54.1371,95.14,26,92,0.49,overcast clouds
97,Faya,SA,18.3851,42.4509,66.72,56,97,8.05,light rain
98,Dimona,IL,31.0667,35.0333,76.93,53,1,14.61,clear sky
99,Ballyshannon,IE,54.5,-8.1833,64.26,94,100,5.53,overcast clouds
100,Tessalit,ML,20.1986,1.0114,104.85,9,80,8.86,broken clouds
101,Sompeta,IN,18.9333,84.6,81.73,88,97,6.87,overcast clouds
102,Laguna De Duero,ES,41.5815,-4.7233,94.62,11,0,7.11,clear sky
103,Sistranda,NO,63.7256,8.834,57.16,84,100,24.45,overcast clouds
104,Aljezur,PT,37.3191,-8.8033,80.33,43,2,10.29,clear sky
105,Boa Vista,BR,2.8197,-60.6733,76.98,83,75,8.05,moderate rain
106,Goderich,CA,43.7501,-81.7165,76.68,72,58,13.02,broken clouds
107,Dunedin,NZ,-45.8742,170.5036,43.81,69,0,8.99,clear sky
108,Isagarh,IN,24.8333,77.8833,79.75,82,100,7.4,moderate rain
109,Jamestown,US,42.097,-79.2353,87.03,56,0,9.22,clear sky
110,Mildura,AU,-34.2,142.15,52.81,78,40,7.9,scattered clouds
111,Jesup,US,31.6074,-81.8854,92.34,46,0,0.0,clear sky
112,Hilo,US,19.7297,-155.09,80.28,95,100,8.05,light rain
113,Airai,TL,-8.9266,125.4092,51.55,85,10,1.72,clear sky
114,Mapiri,BO,-15.25,-68.1667,85.96,42,47,1.52,scattered clouds
115,Iqaluit,CA,63.7506,-68.5145,46.13,93,75,4.61,broken clouds
116,Eureka,US,40.8021,-124.1637,59.94,83,45,1.01,scattered clouds
117,Wanaka,NZ,-44.7,169.15,31.1,92,69,1.99,broken clouds
118,Fort-Shevchenko,KZ,44.5086,50.263,75.16,62,49,7.7,scattered clouds
119,Kaeo,NZ,-35.1,173.7833,56.32,88,100,16.78,moderate rain
120,Lebu,CL,-37.6167,-73.65,53.71,91,100,5.53,overcast clouds
121,Kangaatsiaq,GL,68.3065,-53.4641,39.63,99,100,10.63,overcast clouds
122,Assare,BR,-6.8744,-39.875,88.27,34,56,9.22,broken clouds
123,Bengkulu,ID,-3.8004,102.2655,75.56,93,93,5.28,overcast clouds
124,Hasaki,JP,35.7333,140.8333,73.8,85,71,11.05,broken clouds
125,Fairbanks,US,64.8378,-147.7164,54.3,85,0,5.75,mist
126,Mahebourg,MU,-20.4081,57.7,70.09,83,40,14.97,scattered clouds
127,Dalen,NL,52.6992,6.7556,70.97,58,46,5.48,scattered clouds
128,Thompson,CA,55.7435,-97.8558,57.36,82,75,10.36,broken clouds
129,Taoudenni,ML,22.6783,-3.9836,110.55,6,0,7.18,clear sky
130,Fort Nelson,CA,58.8053,-122.7002,68.25,46,100,10.0,overcast clouds
131,Severo-Yeniseyskiy,RU,60.3725,93.0408,51.78,97,100,7.74,light rain
132,Kodinsk,RU,58.6881,99.1844,58.51,93,100,3.78,overcast clouds
133,Sorland,NO,67.667,12.6934,53.46,85,88,9.71,overcast clouds
134,Souillac,MU,-20.5167,57.5167,70.18,83,40,14.97,light rain
135,Bambous Virieux,MU,-20.3428,57.7575,70.41,74,67,19.66,light rain
136,Lunenburg,CA,44.3835,-64.3155,91.49,65,18,18.41,few clouds
137,Ponta Do Sol,PT,32.6667,-17.1,79.72,74,35,4.52,scattered clouds
138,Georgetown,MY,5.4112,100.3354,79.23,84,100,6.04,moderate rain
139,Miraflores,MX,19.2167,-98.8083,71.02,64,45,1.05,scattered clouds
140,Dharmavaram,IN,14.4333,77.7167,78.6,70,97,14.63,overcast clouds
141,Adre,TD,13.4667,22.2,83.91,49,58,7.83,broken clouds
142,Kavieng,PG,-2.5744,150.7967,82.33,74,4,12.71,clear sky
143,Fortuna,US,40.5982,-124.1573,67.44,63,41,7.45,scattered clouds
144,Aksarka,RU,66.5606,67.7975,49.42,80,27,4.14,scattered clouds
145,San Cristobal,VE,7.7669,-72.225,78.98,36,94,9.26,overcast clouds
146,Riverton,US,40.5219,-111.9391,94.32,16,46,1.57,scattered clouds
147,Elk Plain,US,47.0532,-122.3976,62.22,80,100,4.61,overcast clouds
148,Pampa,US,35.5362,-100.9599,98.56,30,0,18.41,clear sky
149,Pingdingshan,CN,33.7385,113.3012,74.91,70,0,4.0,clear sky
150,Mackay,AU,-21.15,149.2,56.68,89,2,7.23,clear sky
151,Codrington,AU,-38.2667,141.9667,46.76,95,22,6.73,few clouds
152,Tacuati,PY,-23.45,-56.5833,94.08,20,30,6.78,scattered clouds
153,Qaqortoq,GL,60.7167,-46.0333,48.43,78,92,9.06,overcast clouds
154,Port Blair,IN,11.6667,92.75,81.34,83,100,11.34,overcast clouds
155,Saint-Philippe,RE,-21.3585,55.7679,69.19,84,59,14.09,light rain
156,Mugur-Aksy,RU,50.35,90.5,46.49,75,22,1.25,few clouds
157,Havoysund,NO,70.9963,24.6622,52.03,93,100,18.5,overcast clouds
158,Baruun-Urt,MN,46.6806,113.2792,62.08,65,4,7.9,clear sky
159,East London,ZA,-33.0153,27.9116,56.34,88,0,12.66,clear sky
160,Tocopilla,CL,-22.092,-70.1979,65.21,70,28,8.41,scattered clouds
161,Nantucket,US,41.2835,-70.0995,75.45,90,99,12.24,overcast clouds
162,Avera,US,33.194,-82.5271,93.65,42,87,6.44,overcast clouds
163,Aklavik,CA,68.2191,-135.0107,53.6,94,100,3.44,moderate rain
164,Nuuk,GL,64.1835,-51.7216,49.51,72,100,8.23,overcast clouds
165,Sitka,US,57.0531,-135.33,55.06,95,100,2.66,light rain
166,Ayagoz,KZ,47.9714,80.4392,65.61,43,70,9.98,broken clouds
167,Saskylakh,RU,71.9167,114.0833,51.39,88,100,1.74,overcast clouds
168,Gambela,ET,8.25,34.5833,73.42,83,74,4.34,broken clouds
169,Chirongui,YT,-12.9319,45.1483,73.33,69,61,5.99,broken clouds
170,Andenes,NO,69.3143,16.1194,51.46,79,100,8.46,overcast clouds
171,Oyama,JP,36.3,139.8,76.64,78,88,3.83,overcast clouds
172,Hailar,CN,49.2,119.7,61.09,93,100,3.44,overcast clouds
173,Tilichiki,RU,60.4667,166.1,46.13,88,76,7.27,broken clouds
174,Barbastro,ES,42.0356,0.1269,91.94,17,0,9.06,clear sky
175,Council Bluffs,US,41.2619,-95.8608,102.74,23,1,22.82,clear sky
176,Goryachegorsk,RU,55.4053,88.9154,50.54,95,86,5.5,overcast clouds
177,Waipawa,NZ,-41.4122,175.5153,41.85,87,100,3.67,overcast clouds
178,Bima,ID,-8.4667,118.7167,69.42,86,26,4.79,scattered clouds
179,Kuytun,RU,54.3419,101.5036,55.63,94,80,5.88,light rain
180,Vao,NC,-22.6667,167.4833,74.5,86,57,21.14,light rain
181,Butaritari,KI,3.0707,172.7902,82.06,75,15,15.35,few clouds
182,Biltine,TD,14.5333,20.9167,88.74,42,40,6.31,scattered clouds
183,Krasnoselkup,RU,65.7,82.4667,56.17,92,47,3.56,scattered clouds
184,Kalabo,ZM,-14.97,22.6814,70.2,29,37,4.97,scattered clouds
185,Tres Arroyos,AR,-38.3739,-60.2798,64.35,58,100,8.5,overcast clouds
186,Dandong,CN,40.1292,124.3947,69.44,94,96,3.76,overcast clouds
187,Port Hardy,CA,50.6996,-127.4199,59.18,77,100,9.22,overcast clouds
188,Santiago Del Estero,AR,-27.7951,-64.2615,82.08,41,100,8.01,overcast clouds
189,Nanakuli,US,21.3906,-158.1547,79.45,70,4,12.24,clear sky
190,Parana,AR,-31.732,-60.5238,79.56,63,0,8.46,light rain
191,Quelimane,MZ,-17.8786,36.8883,71.55,78,20,5.99,few clouds
192,Beni Suef,EG,29.0731,31.0979,92.53,21,0,21.5,clear sky
193,Sioux Lookout,CA,50.1001,-91.917,71.67,64,75,4.61,broken clouds
194,Pundaguitan,PH,6.3711,126.1689,82.6,76,96,8.57,overcast clouds
195,Champerico,GT,14.3,-91.9167,86.54,74,79,6.35,broken clouds
196,Klaksvik,FO,62.2266,-6.589,50.92,87,98,15.41,overcast clouds
197,Marovoay,MG,-16.1,46.6333,76.96,47,58,10.25,broken clouds
198,Korfovskiy,RU,48.2183,135.0564,62.06,98,74,3.44,light rain
199,Hambantota,LK,6.1241,81.1185,79.27,80,70,19.08,broken clouds
200,Tooele,US,40.5308,-112.2983,89.89,30,40,6.91,scattered clouds
201,Conakry,GN,9.538,-13.6773,82.47,78,40,9.22,scattered clouds
202,Den Helder,NL,52.9599,4.7593,65.03,66,44,4.12,scattered clouds
203,Goundam,ML,16.4145,-3.6708,104.86,16,88,8.43,overcast clouds
204,Touros,BR,-5.1989,-35.4608,81.79,71,99,18.61,overcast clouds
205,Nouadhibou,MR,20.931,-17.0347,71.35,92,10,15.41,clear sky
206,Batemans Bay,AU,-35.7167,150.1833,52.11,93,94,3.98,overcast clouds
207,Trat,TH,12.5,102.5,81.88,87,100,0.69,overcast clouds
208,Nattarasankottai,IN,9.8667,78.5667,83.52,72,97,3.69,light rain
209,Scottsbluff,US,41.8666,-103.6672,85.59,24,57,18.03,broken clouds
210,Pacific Grove,US,36.6177,-121.9166,62.28,90,75,11.01,haze
211,Sao Filipe,CV,14.8961,-24.4956,77.38,85,75,6.89,light rain
212,Plettenberg Bay,ZA,-34.0527,23.3716,54.52,74,50,13.02,light rain
213,Naze,JP,28.3667,129.4833,76.12,76,100,2.1,overcast clouds
214,Bacalar,MX,18.6667,-88.3833,77.05,92,100,4.97,overcast clouds
215,Gumdag,TM,39.2061,54.5906,85.1,42,0,17.87,clear sky
216,Guerrero Negro,MX,27.9769,-114.0611,73.56,64,91,15.19,overcast clouds
217,Luanda,AO,-8.8368,13.2343,69.8,88,75,3.44,broken clouds
218,Acapulco,MX,16.8634,-99.8901,86.54,66,99,4.07,overcast clouds
219,Esperance,AU,-33.8667,121.9,51.64,90,100,19.71,overcast clouds
220,Natal,BR,-5.795,-35.2094,80.44,74,96,15.01,overcast clouds
221,Kahului,US,20.8947,-156.47,77.13,68,7,10.09,clear sky
222,Berlevag,NO,70.8578,29.0864,53.4,87,100,12.66,overcast clouds
223,Tzaneen,ZA,-23.8332,30.1635,64.02,53,71,3.44,broken clouds
224,Derzhavinsk,KZ,51.1,66.3167,68.97,54,69,6.85,broken clouds
225,Belmonte,BR,-15.8631,-38.8828,74.55,84,51,9.24,broken clouds
226,Niigata,JP,37.9022,139.0236,68.92,91,79,4.99,broken clouds
227,Korla,CN,41.7597,86.1469,89.55,16,0,4.88,clear sky
228,Roma,US,43.2128,-75.4557,91.72,49,0,6.91,clear sky
229,Bonavista,CA,48.6499,-53.1147,65.12,93,100,6.64,overcast clouds
230,Caluquembe,AO,-13.7833,14.6833,65.73,30,77,4.09,broken clouds
231,Mount Isa,AU,-20.7333,139.5,44.37,70,0,1.14,clear sky
232,Panalingaan,PH,8.7842,117.4231,78.57,87,40,2.26,scattered clouds
233,Saldanha,ZA,-33.0117,17.9442,51.85,65,0,19.13,clear sky
234,Rincon,US,32.296,-81.2354,90.95,35,9,4.63,clear sky
235,Tabas,IR,33.5959,56.9244,99.34,11,0,15.39,clear sky
236,Yulara,AU,-25.2406,130.9889,58.93,38,0,6.4,clear sky
237,Paso De Carrasco,UY,-34.8603,-56.0522,66.65,88,75,11.5,broken clouds
238,Yarada,IN,17.65,83.2667,82.72,78,40,3.44,mist
239,At-Bashi,KG,41.1702,75.8106,64.47,38,0,1.43,clear sky
240,Scarborough,GB,54.2797,-0.4044,72.97,66,98,5.99,overcast clouds
241,Surgut,RU,61.25,73.4167,51.98,87,40,8.99,scattered clouds
242,Mehamn,NO,71.0357,27.8492,51.75,93,100,16.11,overcast clouds
243,Waingapu,ID,-9.6567,120.2641,70.16,79,53,8.12,broken clouds
244,Kaitangata,NZ,-46.2817,169.8464,33.69,88,18,3.13,few clouds
245,Ancud,CL,-41.8697,-73.8203,47.23,89,100,4.27,light rain
246,Mahanje,TZ,-9.9333,35.3333,61.21,74,92,1.83,overcast clouds
247,Khatanga,RU,71.9667,102.5,46.53,96,75,12.5,broken clouds
248,Colac,AU,-38.3333,143.5833,49.84,97,53,2.73,broken clouds
249,Lorengau,PG,-2.0226,147.2712,81.34,80,8,6.69,clear sky
250,Sao Luis De Montes Belos,BR,-16.525,-50.3722,89.26,19,0,5.21,clear sky
251,Hualmay,PE,-11.0964,-77.6139,65.89,74,81,8.9,broken clouds
252,Broome,US,42.2506,-75.833,93.02,42,14,14.0,few clouds
253,Koppang,NO,61.5706,11.0555,65.95,61,98,1.97,overcast clouds
254,Cururupu,BR,-1.8283,-44.8683,87.98,53,100,5.88,overcast clouds
255,Puerto Varas,CL,-41.3195,-72.9854,50.88,87,73,9.24,broken clouds
256,Aitape,PG,-3.1374,142.3475,77.36,90,20,3.83,few clouds
257,Lompoc,US,34.6391,-120.4579,74.41,46,0,9.24,clear sky
258,Saint Anthony,US,45.0205,-93.218,76.6,72,100,13.8,thunderstorm
259,Eyl,SO,7.9803,49.8164,77.11,80,93,26.75,overcast clouds
260,Husavik,IS,66.0449,-17.3389,51.3,74,62,6.38,broken clouds
261,Bongandanga,CD,1.5,21.05,72.75,87,65,0.29,light rain
262,Rongcheng,CN,30.634,117.8517,75.24,92,79,0.81,broken clouds
263,Bhubaneswar,IN,20.2333,85.8333,80.82,100,40,3.44,haze
264,Jertih,MY,5.7336,102.4897,76.24,90,85,2.24,overcast clouds
265,Port Hedland,AU,-20.3167,118.5667,64.45,63,0,10.36,clear sky
266,Rio Grande,BR,-32.035,-52.0986,71.71,91,94,7.63,overcast clouds
267,Mahibadhoo,MV,3.7833,72.9667,83.17,74,96,14.03,overcast clouds
268,Cabanas,CU,22.9758,-82.9219,88.7,60,100,11.03,light rain
269,Sao Joao Da Barra,BR,-21.6403,-41.0511,75.15,71,0,14.52,clear sky
270,Nhulunbuy,AU,-12.2333,136.7667,66.81,88,36,0.0,scattered clouds
271,Korem,ET,12.5058,39.5228,64.27,66,67,4.88,moderate rain
272,Titisee-Neustadt,DE,47.9,8.1667,67.64,69,69,2.86,broken clouds
273,Luderitz,NA,-26.6481,15.1594,62.58,60,0,26.4,clear sky
274,Olafsvik,IS,64.8945,-23.7142,52.79,78,91,10.13,overcast clouds
275,Ossora,RU,59.2353,163.0719,48.42,82,3,9.08,clear sky
276,Meulaboh,ID,4.1363,96.1285,78.04,87,99,7.78,overcast clouds
277,Ahipara,NZ,-35.1667,173.1667,55.45,84,100,15.01,moderate rain
278,Te Anau,NZ,-45.4167,167.7167,37.18,94,94,0.81,overcast clouds
279,Wright,US,45.1833,-93.9502,73.49,88,0,19.57,clear sky
280,Dekar,BW,-21.5333,21.9333,63.7,35,10,5.86,clear sky
281,Maastricht,NL,50.8483,5.6889,80.33,49,83,5.01,broken clouds
282,Constitucion,CL,-35.3333,-72.4167,57.42,79,100,3.47,overcast clouds
283,Camocim,BR,-2.9022,-40.8411,85.26,61,48,11.97,scattered clouds
284,Butembo,CD,0.15,29.2833,58.28,93,38,2.64,scattered clouds
285,Severnoye,RU,56.3491,78.3619,54.03,98,99,5.61,light rain
286,Pontes E Lacerda,BR,-15.2261,-59.3353,97.74,17,39,3.96,scattered clouds
287,Huilong,CN,31.8111,121.655,75.52,88,26,7.38,scattered clouds
288,Seoul,KR,37.5683,126.9778,74.64,94,100,8.05,overcast clouds
289,Balabac,PH,7.9868,117.0645,81.18,77,40,3.87,scattered clouds
290,Cabra,ES,37.4725,-4.4421,102.18,9,0,11.43,clear sky
291,Ilulissat,GL,69.2167,-51.1,39.49,98,100,3.76,light rain
292,Itarema,BR,-2.9248,-39.9167,85.37,60,31,18.25,scattered clouds
293,Santa Cruz Cabralia,BR,-16.2781,-39.0247,75.99,73,42,8.23,scattered clouds
294,Yar-Sale,RU,66.8333,70.8333,51.3,82,98,17.47,overcast clouds
295,Micheweni,TZ,-4.9667,39.8333,74.21,76,15,12.82,few clouds
296,Matara,LK,5.9485,80.5353,78.33,87,84,13.11,broken clouds
297,Mount Pleasant,US,32.7941,-79.8626,88.39,61,28,12.26,scattered clouds
298,Tiarei,PF,-17.5333,-149.3333,75.22,79,13,15.01,light rain
299,Vilyuysk,RU,63.7553,121.6247,61.11,83,35,2.93,scattered clouds
300,Labuhan,ID,-6.8844,112.2051,76.21,85,78,6.64,broken clouds
301,Milkovo,RU,54.7167,158.6167,54.93,75,75,2.19,broken clouds
302,Elko,US,41.0002,-115.5012,85.75,16,86,4.0,overcast clouds
303,Muros,ES,42.7762,-9.0603,89.69,53,4,13.04,clear sky
304,Salmas,IR,38.1973,44.7653,75.78,40,55,7.54,broken clouds
305,Druzhba,UA,52.0428,33.9453,68.79,75,97,6.44,overcast clouds
306,Ketchikan,US,55.3422,-131.6461,57.76,89,100,3.06,overcast clouds
307,Yunyang,CN,33.4474,112.7142,73.4,73,0,4.14,clear sky
308,Dhidhdhoo,MV,6.8833,73.1,81.59,79,39,15.37,scattered clouds
309,Litovko,RU,49.2361,135.1742,58.1,91,99,2.93,overcast clouds
310,Pathein,MM,16.7833,94.7333,78.13,89,100,2.46,overcast clouds
311,Mana,GF,5.6592,-53.7767,82.67,75,59,8.77,broken clouds
312,Swellendam,ZA,-34.0226,20.4417,51.35,71,95,1.79,overcast clouds
313,Buraydah,SA,26.326,43.975,106.25,9,24,7.49,few clouds
314,Nabire,ID,-3.3667,135.4833,74.68,94,98,4.29,overcast clouds
315,Tuatapere,NZ,-46.1333,167.6833,38.91,92,41,1.32,scattered clouds
316,Anadyr,RU,64.75,177.4833,43.3,86,40,2.24,scattered clouds
317,Rocha,UY,-34.4833,-54.3333,64.38,86,94,8.23,overcast clouds
318,Vestmannaeyjar,IS,63.4427,-20.2734,56.39,88,75,10.36,broken clouds
319,Karsun,RU,54.1994,46.9827,65.28,77,2,3.31,clear sky
320,Byron Bay,AU,-28.65,153.6167,54.95,85,52,10.87,broken clouds
321,Clearlake,US,38.9582,-122.6264,90.36,20,0,3.83,clear sky
322,Juba,SS,4.8517,31.5825,76.71,70,53,1.3,broken clouds
323,Galveston,US,29.3669,-94.9669,95.05,65,27,5.01,scattered clouds
324,Sosnovskoye,RU,55.8052,43.167,69.66,64,35,1.23,scattered clouds
325,Nioro,GM,13.35,-15.75,83.12,73,97,7.58,light rain
326,Namibe,AO,-15.1961,12.1522,64.0,90,15,3.89,few clouds
327,Kimbe,PG,-5.5502,150.1429,74.66,92,11,4.32,few clouds
328,Ribeira Grande,PT,38.5167,-28.7,79.2,78,40,12.66,scattered clouds
329,Buala,SB,-8.145,159.5921,78.55,85,8,4.09,clear sky
330,Terrace,CA,54.5163,-128.6035,62.51,72,75,2.3,broken clouds
331,Beloha,MG,-25.1667,45.05,66.97,73,49,5.26,scattered clouds
332,Wolbrom,PL,50.3796,19.7583,72.68,92,86,5.48,light rain
333,Padang,ID,-0.9492,100.3543,77.54,87,98,4.61,overcast clouds
334,Swan Hill,AU,-35.3378,143.5544,53.24,89,93,6.73,overcast clouds
335,Vardo,NO,70.3705,31.1107,51.73,85,86,18.59,overcast clouds
336,Vanavara,RU,60.34,102.2797,60.48,98,100,4.65,light rain
337,Pingxiang,CN,27.6167,113.85,80.02,79,3,1.95,clear sky
338,Marsh Harbour,BS,26.5412,-77.0636,83.77,70,1,13.8,clear sky
339,Krasnovishersk,RU,60.4078,57.082,56.19,94,85,1.97,overcast clouds
340,Opuwo,NA,-18.0607,13.84,68.2,24,0,4.09,clear sky
341,Cozumel,MX,20.5083,-86.9458,91.47,75,75,12.66,broken clouds
342,Asau,RO,46.4333,26.4,81.52,60,69,2.19,broken clouds
343,Sola,VU,-13.8833,167.55,79.9,76,19,8.7,few clouds
344,Kemijarvi,FI,66.7131,27.4306,59.77,61,91,6.71,overcast clouds
345,Grindavik,IS,63.8424,-22.4338,53.31,84,74,9.44,broken clouds
346,Marawi,PH,7.9986,124.2928,69.21,94,100,2.86,overcast clouds
347,Zhezkazgan,KZ,47.8043,67.7144,76.84,27,54,15.28,broken clouds
348,Urumqi,CN,43.801,87.6005,83.35,28,0,4.47,clear sky
349,Hadishahr,AZ,38.8431,45.6635,73.56,61,8,8.86,light rain
350,Mayo,US,38.8876,-76.5119,98.2,55,7,3.0,clear sky
351,Guilin,CN,25.2819,110.2864,77.11,86,0,0.2,clear sky
352,Saint-Joseph,RE,-21.3667,55.6167,68.38,82,51,13.78,light rain
353,Islamkot,PK,24.6997,70.177,80.42,94,100,16.44,light rain
354,Dagana,MR,16.5165,-15.5068,92.1,48,68,12.37,broken clouds
355,Muzhi,RU,65.3667,64.6667,55.74,53,49,8.57,scattered clouds
356,Palmer,US,42.1584,-72.3287,93.43,41,90,1.01,overcast clouds
357,Sampit,ID,-2.5333,112.95,72.86,99,41,2.44,scattered clouds
358,Abbeville,FR,50.1,1.8333,74.25,54,67,10.4,broken clouds
359,Sao Joao Do Paraiso,BR,-15.3136,-42.0144,83.3,27,2,8.84,clear sky
360,Madang,PG,-5.2246,145.7966,76.73,92,33,2.21,scattered clouds
361,Aswan,EG,24.0934,32.907,103.3,12,0,13.8,clear sky
362,Vernon,CA,50.2581,-119.2691,78.75,43,67,2.3,broken clouds
363,Vila Do Maio,CV,15.1333,-23.2167,81.39,82,35,9.44,scattered clouds
364,Asfi,MA,32.2994,-9.2372,77.7,72,97,18.66,overcast clouds
365,San Patricio,US,28.017,-97.5169,96.19,42,82,16.49,broken clouds
366,Millinocket,US,45.6573,-68.7098,85.41,49,11,8.7,few clouds
367,Richards Bay,ZA,-28.783,32.0377,67.41,80,2,5.59,clear sky
368,Simpang,ID,-1.2667,104.0833,73.83,97,82,2.01,broken clouds
369,Bertoua,CM,4.5833,13.6833,69.13,95,67,1.7,light rain
370,Adrar,MR,20.5022,-10.0711,88.25,44,80,19.66,light rain
371,Lady Lake,US,28.9175,-81.9229,93.56,43,34,5.75,scattered clouds
372,Taltal,CL,-25.4,-70.4833,61.48,72,72,4.38,broken clouds
373,Narsaq,GL,60.9167,-46.05,51.78,70,40,7.9,scattered clouds
374,Sangar,RU,63.9242,127.4739,59.5,83,9,5.64,clear sky
375,Angoche,MZ,-16.2325,39.9086,72.72,74,0,7.29,clear sky
376,Pangnirtung,CA,66.1451,-65.7125,44.6,87,20,10.36,fog
377,Haines Junction,CA,60.7522,-137.5108,57.15,58,100,2.3,overcast clouds
378,Bose,IT,45.4612,8.0137,79.72,60,70,8.05,broken clouds
379,Durango,MX,24.8333,-104.8333,80.58,30,8,8.19,clear sky
380,Huarmey,PE,-10.0681,-78.1522,66.34,76,74,8.97,broken clouds
381,Brae,GB,60.3964,-1.353,54.57,77,97,11.25,overcast clouds
382,Laguna,US,38.421,-121.4238,89.01,43,0,5.75,clear sky
383,Ejido,VE,8.5514,-71.2375,81.68,50,98,7.85,overcast clouds
384,Santa Maria,BR,-29.6842,-53.8069,74.5,69,0,9.22,clear sky
385,Zimovniki,RU,47.1483,42.4633,64.53,76,95,6.22,light rain
386,Imbituba,BR,-28.24,-48.6703,74.86,85,2,5.01,clear sky
387,Wakkanai,JP,45.4094,141.6739,60.75,94,100,14.67,overcast clouds
388,Benguela,AO,-12.5763,13.4055,70.41,89,74,3.94,broken clouds
389,Norman Wells,CA,65.282,-126.8329,62.64,67,75,6.91,broken clouds
390,Marsa Matruh,EG,31.3525,27.2453,80.8,74,0,17.27,clear sky
391,Ongandjera,NA,-17.8833,15.0667,70.56,25,0,7.49,clear sky
392,Moose Factory,CA,51.2585,-80.6094,68.0,52,20,14.97,few clouds
393,Mount Gambier,AU,-37.8333,140.7667,45.23,98,20,4.85,few clouds
394,Xiongzhou,CN,25.1167,114.3,79.29,72,19,3.0,few clouds
395,Teguise,ES,29.0605,-13.564,73.62,83,100,4.61,overcast clouds
396,Pacifica,US,37.6138,-122.4869,75.67,89,40,14.97,mist
397,Mackenzie,CA,55.2999,-123.1698,73.35,38,68,4.23,broken clouds
398,Luganville,VU,-15.5333,167.1667,76.41,88,14,2.44,few clouds
399,Nenjiang,CN,49.1833,125.2167,63.28,90,55,4.65,broken clouds
400,Samfya,ZM,-11.3649,29.5565,68.38,42,39,8.99,scattered clouds
401,Vilhena,BR,-12.7406,-60.1458,88.02,30,20,11.5,few clouds
402,Taksimo,RU,56.3444,114.8794,63.75,84,1,4.07,clear sky
403,Cayenne,GF,4.9333,-52.3333,86.09,4,75,8.01,broken clouds
404,Salinopolis,BR,-0.6136,-47.3561,83.53,73,99,11.3,overcast clouds
405,Watertown,US,42.3709,-71.1828,95.72,25,60,6.64,broken clouds
406,Tezu,IN,27.9167,96.1667,78.26,77,96,3.04,overcast clouds
407,Boone,US,39.0334,-92.3335,102.4,30,0,15.05,clear sky
408,Comodoro Rivadavia,AR,-45.8667,-67.5,37.26,81,75,11.5,light rain
409,Stokmarknes,NO,68.5646,14.9108,55.38,71,75,4.61,broken clouds
410,Praia Da Vitoria,PT,38.7333,-27.0667,77.25,83,40,3.74,scattered clouds
411,Beringovskiy,RU,63.05,179.3167,44.22,82,100,15.08,overcast clouds
412,Rapar,IN,23.5667,70.6333,81.19,84,100,16.33,overcast clouds
413,Trincomalee,LK,8.5711,81.2335,80.2,79,97,19.57,overcast clouds
414,Sibolga,ID,1.7427,98.7792,75.74,91,96,3.47,overcast clouds
415,Vestmanna,FO,62.1564,-7.1664,49.12,81,75,11.5,broken clouds
416,Hofn,IS,64.2539,-15.2082,53.02,82,37,3.27,scattered clouds
417,Ulladulla,AU,-35.35,150.4667,50.4,91,81,3.62,broken clouds
418,Ust-Tarka,RU,55.5672,75.705,54.45,90,68,6.62,broken clouds
419,Banda Aceh,ID,5.5577,95.3222,78.39,84,70,3.42,broken clouds
420,Dzerzhinsk,RU,56.2389,43.4631,71.42,88,20,0.0,few clouds
421,Port-Gentil,GA,-0.7193,8.7815,75.16,78,40,6.91,scattered clouds
422,Jijiga,ET,9.35,42.8,67.33,61,70,16.55,broken clouds
423,Nome,US,64.5011,-165.4064,46.47,93,100,11.5,moderate rain
424,Erenhot,CN,43.6475,111.9767,77.09,34,100,15.77,overcast clouds
425,Bontang,ID,0.1333,117.5,76.93,90,58,7.67,broken clouds
426,Coquimbo,CL,-29.9533,-71.3436,55.13,82,100,1.14,overcast clouds
427,Salalah,OM,17.0151,54.0924,77.67,90,81,5.84,broken clouds
428,Roebourne,AU,-20.7833,117.1333,63.9,37,0,11.77,clear sky
429,Shingu,JP,33.7333,135.9833,72.95,78,100,4.27,overcast clouds
430,Hami,CN,42.8,93.45,85.21,23,20,12.15,few clouds
431,Jiangyou,CN,31.7667,104.7167,69.22,87,34,3.11,scattered clouds
432,Amahai,ID,-3.3333,128.9167,74.98,81,90,3.94,overcast clouds
433,Mizan Teferi,ET,6.9833,35.5833,61.77,95,81,1.97,light rain
434,Hueytown,US,33.4512,-86.9967,92.44,64,75,5.75,broken clouds
435,General Roca,AR,-39.0333,-67.5833,56.62,42,100,11.81,light rain
436,Onega,RU,63.9061,38.1404,60.31,99,100,4.38,light rain
437,Keroka,KE,-0.7758,34.9453,55.51,93,99,2.64,overcast clouds
438,San Policarpo,PH,12.1791,125.5072,80.17,84,93,3.47,overcast clouds
439,Maniitsoq,GL,65.4167,-52.9,44.89,90,91,4.45,overcast clouds
440,Darnah,LY,32.767,22.6367,78.4,70,0,15.99,clear sky
441,Lyubashivka,UA,47.8372,30.2598,75.27,37,0,7.99,clear sky
442,Akonolinga,CM,3.7667,12.25,68.95,99,98,2.17,overcast clouds
443,Copperas Cove,US,31.1241,-97.9031,94.77,38,0,11.5,clear sky
444,Rosarito,MX,32.3333,-117.0333,78.4,71,79,6.4,broken clouds
445,Jumla,NP,29.2747,82.1838,63.27,98,96,1.61,overcast clouds
446,Pisco,PE,-13.7,-76.2167,60.85,82,100,8.05,mist
447,Kroya,ID,-7.6331,109.2461,74.95,90,69,7.27,broken clouds
448,Quang Ngai,VN,15.1167,108.8,75.52,90,0,4.81,clear sky
449,Camapua,BR,-19.5314,-54.0439,92.28,19,30,4.76,scattered clouds
450,Pangody,RU,65.85,74.4859,52.59,87,100,18.19,overcast clouds
451,Isangel,VU,-19.55,169.2667,75.83,90,98,7.96,overcast clouds
452,Coahuayana,MX,18.7333,-103.6833,87.58,64,100,3.47,overcast clouds
453,Vanimo,PG,-2.6741,141.3028,77.5,91,56,4.09,broken clouds
454,Balkhash,KZ,46.844,74.9804,78.98,32,69,13.02,broken clouds
455,Caarapo,BR,-22.6342,-54.8222,87.93,24,60,8.34,broken clouds
456,Aquiraz,BR,-3.9014,-38.3911,83.26,61,16,12.48,few clouds
457,Boguchany,RU,58.3814,97.4531,56.68,97,91,5.12,overcast clouds
458,Ust-Maya,RU,60.4167,134.5333,61.43,98,88,3.31,overcast clouds
459,Hutchinson,US,38.0608,-97.9298,98.69,28,0,21.03,clear sky
460,Skovorodino,RU,53.9833,123.9167,60.73,85,1,3.13,clear sky
461,Bay Roberts,CA,47.5999,-53.2648,80.35,84,95,1.99,overcast clouds
462,Kutum,SD,14.2,24.6667,88.3,29,85,4.32,overcast clouds
463,Huaihua,CN,27.5494,109.9592,78.15,82,96,3.58,overcast clouds
464,San Jeronimo,PE,-11.9472,-75.2829,63.25,30,30,2.06,scattered clouds
465,Raudeberg,NO,61.9875,5.1352,59.67,82,100,3.0,overcast clouds
466,Shache,CN,38.4167,77.2406,91.71,10,0,3.96,clear sky
467,Teseney,ER,15.11,36.6575,89.53,51,66,15.52,broken clouds
468,Fomento,CU,22.1039,-79.7217,87.22,61,100,10.83,overcast clouds
469,Bathsheba,BB,13.2167,-59.5167,86.05,79,1,14.25,clear sky
470,Tolmezzo,IT,46.4075,13.0175,85.42,56,30,0.74,moderate rain
471,Stettler,CA,52.3168,-112.7186,70.75,66,9,5.95,clear sky
472,Takoradi,GH,4.8845,-1.7554,77.13,73,92,10.11,overcast clouds
473,Dingle,PH,10.9995,122.6711,77.88,89,87,1.74,overcast clouds
474,Paita,PE,-5.0892,-81.1144,70.84,70,26,11.3,scattered clouds
475,Nampula,MZ,-15.1165,39.2666,67.93,69,92,6.24,overcast clouds
476,Dubbo,AU,-32.25,148.6167,42.93,93,32,10.36,scattered clouds
477,Upington,ZA,-28.4478,21.2561,57.6,44,2,16.84,clear sky
478,Clones,IE,54.1833,-7.2333,66.2,96,100,10.18,overcast clouds
479,Portel,BR,-1.9356,-50.8211,93.51,40,42,2.73,scattered clouds
480,Gorontalo,ID,0.5412,123.0595,74.57,93,42,4.63,scattered clouds
481,Jalu,LY,29.0331,21.5482,91.24,19,0,8.99,clear sky
482,Finschhafen,PG,-6.6024,147.8681,78.55,80,4,8.66,clear sky
483,Kovdor,RU,67.5662,30.4758,57.15,65,77,9.35,broken clouds
484,Ust-Nera,RU,64.5667,143.2,61.27,90,88,5.93,overcast clouds
485,Maturin,VE,9.75,-63.1767,87.64,54,29,7.9,scattered clouds
486,Siniscola,IT,40.5719,9.6922,92.75,51,1,3.56,clear sky
487,Sarangani,PH,5.4033,125.4636,82.49,76,81,11.43,broken clouds
488,Ngunguru,NZ,-35.6167,174.5,57.11,78,100,21.61,moderate rain
489,Kloulklubed,PW,7.0419,134.2556,77.5,77,100,12.17,overcast clouds
490,Cherskiy,RU,68.75,161.3,49.73,60,11,1.86,few clouds
491,Los Llanos De Aridane,ES,28.6585,-17.9182,71.35,83,75,12.66,broken clouds
492,Nouakchott,MR,18.0858,-15.9785,89.53,78,70,15.95,light rain
493,Igarka,RU,67.4667,86.5833,60.66,84,31,9.6,scattered clouds
494,Pinehurst,US,35.1954,-79.4695,95.9,53,20,5.75,few clouds
495,Zyryanka,RU,65.75,150.85,54.09,62,1,6.15,clear sky
496,Bairiki,KI,1.3292,172.9752,80.94,78,56,14.99,broken clouds
497,Sheregesh,RU,52.9209,87.9869,50.56,97,12,3.74,few clouds
498,Kindu,CD,-2.95,25.95,79.18,64,44,4.03,scattered clouds
499,Baleshwar,IN,21.4942,86.9317,81.37,83,94,5.48,light rain
500,Karratha,AU,-20.7377,116.8463,63.28,37,0,13.04,clear sky
501,Smidovich,RU,48.6,133.8167,58.12,92,38,6.8,scattered clouds
502,Chengde,CN,40.9725,117.9361,65.62,79,1,0.89,clear sky
503,Hokitika,NZ,-42.7167,170.9667,47.17,84,100,4.54,overcast clouds
504,Mareeba,AU,-17.0,145.4333,57.43,84,1,2.3,clear sky
505,Lagoa,PT,39.05,-27.9833,73.31,85,19,8.86,few clouds
506,Kholtoson,RU,50.2981,103.3097,48.7,95,73,1.5,broken clouds
507,Mzimba,MW,-11.9,33.6,60.69,61,71,9.37,broken clouds
508,Oranjemund,NA,-28.55,16.4333,55.26,80,0,23.02,clear sky
509,Nata,PA,8.3333,-80.5167,78.55,87,100,3.98,overcast clouds
510,Yumen,CN,40.2833,97.2,76.15,25,0,9.69,clear sky
511,Qabaqcol,AZ,41.72,46.2647,70.66,51,2,3.51,clear sky
512,Yudong,CN,29.385,106.5194,73.45,93,10,1.63,clear sky
513,Hunsur,IN,12.3075,76.2878,67.86,94,73,6.73,broken clouds
514,Ca Mau,VN,9.1769,105.15,77.58,89,100,1.36,overcast clouds
515,Ikalamavony,MG,-21.15,46.5833,62.96,73,89,5.32,overcast clouds
516,Chapais,CA,49.7834,-74.8492,65.35,80,100,11.34,overcast clouds
517,Maicao,CO,11.3832,-72.2432,89.96,47,27,16.58,scattered clouds
518,Port-Cartier,CA,50.0334,-66.8654,69.75,67,43,10.71,scattered clouds
519,Oussouye,SN,12.485,-16.5469,81.1,78,100,8.59,light rain
520,Shaoxing,CN,30.011,120.5715,80.1,88,7,2.64,clear sky
521,Chitipa,MW,-9.7024,33.2697,62.56,67,50,8.14,scattered clouds
522,Grand-Bourg,GP,15.8835,-61.3148,82.35,72,1,15.39,clear sky
523,Yarim,YE,14.298,44.3779,60.55,79,69,3.24,light rain
524,Longyearbyen,SJ,78.2186,15.6401,48.04,93,75,9.22,broken clouds
525,Homer,US,59.6425,-151.5483,55.78,75,65,4.0,broken clouds
526,Yerbogachen,RU,61.2767,108.0108,70.59,82,38,10.85,scattered clouds
527,Krasnyy Chikoy,RU,50.3643,108.7512,52.09,93,14,0.83,few clouds
528,Kaifeng,CN,34.7911,114.3483,72.48,79,0,6.98,clear sky
529,Bandikui,IN,27.05,76.5667,86.68,67,100,9.37,moderate rain
530,Khasan,RU,42.4308,130.6434,65.53,97,100,9.57,overcast clouds
531,Erzin,TR,36.9559,36.2,78.26,65,0,5.77,clear sky
532,Ust-Tsilma,RU,65.441,52.1498,55.99,66,3,3.53,clear sky
533,Ostrovnoy,RU,68.0531,39.5131,51.4,82,98,3.56,overcast clouds
534,Acarau,BR,-2.8856,-40.12,86.13,59,34,17.87,scattered clouds
535,Saint-Francois,FR,46.4154,3.9054,79.57,43,17,8.61,few clouds
536,Karwar,IN,14.8,74.1333,77.76,84,100,9.26,overcast clouds
537,Auki,SB,-8.7676,160.7034,76.55,89,20,3.78,few clouds
538,Saint Simons,US,31.1352,-81.3901,91.06,61,0,13.8,clear sky
539,Cascais,PT,38.6979,-9.4215,71.15,70,0,15.48,clear sky
540,Bozoum,CF,6.3193,16.3799,70.32,92,59,0.74,broken clouds
541,Stornoway,GB,58.2093,-6.3865,59.94,95,100,9.22,light rain
542,Batagay,RU,67.6333,134.6333,58.57,96,79,3.67,light rain
543,Honiara,SB,-9.4333,159.95,76.14,89,13,4.07,few clouds
544,Altus,US,34.6381,-99.334,99.99,27,32,16.87,scattered clouds
545,Pocao De Pedras,BR,-4.6667,-44.85,94.3,30,69,4.43,broken clouds
546,Ljungby,SE,56.8332,13.9408,64.81,87,100,6.55,overcast clouds
547,Flinders,AU,-34.5833,150.8552,52.74,90,9,4.63,clear sky
548,College,US,64.8569,-147.8028,57.47,87,84,2.64,broken clouds
549,Fougamou,GA,-1.2154,10.5838,81.95,55,96,4.92,overcast clouds
550,Vila,PT,42.0304,-8.1588,83.7,41,0,5.37,clear sky
551,Nago,JP,26.5881,127.9761,84.45,88,82,3.83,broken clouds
552,Zilupe,LV,56.3862,28.1217,67.48,89,47,5.61,scattered clouds
553,Crisan,RO,44.9667,29.4667,70.74,73,0,7.36,clear sky
554,Antalaha,MG,-14.9003,50.2788,67.23,83,36,7.81,scattered clouds
555,Banikoara,BJ,11.2985,2.4386,77.77,85,100,3.2,light rain
556,Alekseyevsk,RU,57.8406,108.3492,61.27,98,93,3.91,light rain
557,Cuamba,MZ,-14.8031,36.5372,70.9,48,96,3.62,overcast clouds
558,Porto Novo,BJ,6.4965,2.6036,77.58,76,88,9.01,overcast clouds
559,Katsuura,JP,35.1333,140.3,77.86,86,100,15.19,overcast clouds
560,Nemuro,JP,43.3236,145.575,59.49,99,100,12.77,overcast clouds
561,Owensboro,US,37.7742,-87.1133,97.02,35,18,10.4,few clouds
562,Predejane,RS,42.8294,22.1311,81.23,31,1,4.74,clear sky
563,Tanda,IN,26.55,82.65,87.75,63,91,12.77,overcast clouds
564,Pangkalanbuun,ID,-2.6833,111.6167,73.33,99,39,1.92,scattered clouds
565,Dukhovshchina,RU,55.1919,32.4111,65.5,84,2,5.03,clear sky
566,Zonguldak,TR,41.25,31.8333,60.44,84,0,3.18,clear sky
567,Zhob,PK,31.3411,69.4481,73.2,82,80,4.25,broken clouds
568,Nokaneng,BW,-19.6667,22.2667,67.15,33,35,4.16,scattered clouds
569,Tura,IN,25.5198,90.2201,75.04,97,100,7.27,light rain
570,Sattahip,TH,12.6664,100.9007,82.98,89,20,3.44,few clouds
571,Bubaque,GW,11.2833,-15.8333,80.08,80,97,14.76,overcast clouds
572,Oskaloosa,US,41.2964,-92.6444,98.58,47,0,14.97,clear sky
573,Caravelas,BR,-17.7125,-39.2481,76.84,60,0,6.96,clear sky
574,Fukue,JP,32.6881,128.8419,78.71,84,90,12.17,overcast clouds
575,Labytnangi,RU,66.6572,66.4183,51.66,68,28,6.2,scattered clouds
576,Bokaa,BW,-24.45,26.0167,63.39,45,61,5.73,broken clouds
577,Lyuban,BY,52.7985,28.0048,72.41,67,40,5.93,scattered clouds
578,Puerto Madryn,AR,-42.7692,-65.0385,43.48,98,100,14.45,overcast clouds
579,Aste,IT,45.7906,11.0961,88.18,61,56,1.19,broken clouds
580,Cap Malheureux,MU,-19.9842,57.6142,68.47,77,19,5.99,few clouds
581,Jining,CN,35.405,116.5814,71.46,90,0,4.47,clear sky
582,Rumoi,JP,43.9344,141.6428,63.72,91,90,1.77,overcast clouds
583,Constantine,DZ,36.365,6.6147,92.61,29,20,14.97,few clouds
584,Bukachacha,RU,52.9833,116.9167,60.19,95,87,3.74,overcast clouds
585,Nueva Loja,EC,0.0847,-76.8828,73.83,83,99,1.16,overcast clouds
586,Honningsvag,NO,70.9821,25.9704,51.55,87,75,16.11,light intensity drizzle
587,Goshen,US,41.5823,-85.8344,81.55,66,84,14.03,broken clouds
588,Do Gonbadan,IR,30.3586,50.7981,90.63,18,3,2.98,clear sky
589,Harper,LR,4.375,-7.7169,77.13,71,72,8.55,broken clouds
590,Kieta,PG,-6.2167,155.6333,78.03,85,61,5.66,broken clouds
591,Chabahar,IR,25.2919,60.643,83.19,83,99,14.61,overcast clouds
592,Sao Miguel Do Araguaia,BR,-13.275,-50.1628,94.5,18,0,5.95,clear sky
593,Tucurui,BR,-3.7661,-49.6725,91.62,36,61,5.03,broken clouds
594,Alyangula,AU,-13.8483,136.4192,65.68,82,56,3.94,broken clouds
595,Campbell River,CA,50.0163,-125.2446,69.51,51,8,4.47,clear sky
596,Grand-Lahou,CI,5.1367,-5.0242,77.14,73,88,9.17,overcast clouds
597,Douglas,US,41.3,-96.167,103.37,22,2,23.4,clear sky
598,Berzence,HU,46.2091,17.1481,76.14,64,79,8.21,light rain
599,La Ermita,MX,20.4139,-101.9936,78.21,42,22,3.78,few clouds
600,Sobolevo,RU,54.4299,31.8996,65.97,83,0,4.59,clear sky
601,Praxedis Guerrero,MX,31.3667,-106.0167,92.66,28,42,5.21,scattered clouds
602,Viedma,AR,-40.8135,-62.9967,56.21,48,100,5.75,overcast clouds
603,Shiyan,CN,32.6475,110.7781,71.46,66,0,1.77,clear sky
604,Noumea,NC,-22.2763,166.4572,73.17,90,49,5.55,scattered clouds
605,Thai Binh,VN,20.45,106.3333,81.41,82,1,6.26,clear sky
606,Whitehorse,CA,60.7161,-135.0538,55.09,54,81,4.59,broken clouds
607,Djambala,CG,-2.5447,14.7533,72.9,70,78,2.89,light rain
608,Kudahuvadhoo,MV,2.6708,72.8944,83.12,73,90,12.37,overcast clouds
609,Yaguachi,EC,-2.1167,-79.6833,80.58,63,99,3.71,overcast clouds
610,Louny,CZ,50.357,13.7967,73.89,59,65,6.31,broken clouds
611,Cristalina,BR,-16.7686,-47.6136,77.43,27,0,6.64,clear sky
612,Saurimo,AO,-9.6608,20.3916,74.28,26,85,3.83,overcast clouds
613,Lunino,RU,53.5918,45.2271,63.64,88,47,3.65,scattered clouds
614,Hobyo,SO,5.3505,48.5268,76.78,82,48,28.77,scattered clouds
615,Santa Cruz,BO,-17.8,-63.1667,87.28,36,18,15.88,few clouds
616,Mabaruma,GY,8.2,-59.7833,84.25,68,22,6.49,few clouds
617,Shubarshi,KZ,48.5872,57.1869,78.57,39,70,11.36,broken clouds
618,Pascagoula,US,30.3658,-88.5561,94.41,55,0,4.61,clear sky
619,Anderson,US,34.5334,-82.6499,97.09,53,0,5.75,clear sky
620,Denpasar,ID,-8.65,115.2167,74.37,75,67,8.59,broken clouds
621,Broadstairs,GB,51.3591,1.4394,70.11,64,90,16.58,overcast clouds
622,Imeni Poliny Osipenko,RU,52.4201,136.4853,56.8,90,66,1.21,broken clouds
623,Tashtagol,RU,52.7657,87.8894,51.84,97,12,3.18,few clouds
624,Lavrentiya,RU,65.5833,-171.0,44.87,80,95,14.23,overcast clouds
625,Sungaipenuh,ID,-2.0833,101.3833,64.09,97,86,3.65,overcast clouds
626,Vihari,PK,30.0333,72.35,89.13,65,100,7.54,overcast clouds
627,Atar,MR,20.5169,-13.0499,92.21,43,85,5.35,light rain
628,Agadez,NE,19.75,10.25,99.25,16,50,8.79,scattered clouds
629,Henties Bay,NA,-22.116,14.2845,56.64,84,1,6.53,clear sky
630,Bangassou,CF,4.7413,22.8184,69.78,92,30,2.84,scattered clouds
631,Vostok,RU,46.4856,135.8833,58.71,95,83,1.61,broken clouds
632,Zhigansk,RU,66.7697,123.3711,49.75,94,15,6.04,few clouds
633,North Battleford,CA,52.7834,-108.2847,62.4,56,88,9.84,overcast clouds
634,Mantua,IT,45.1667,10.7833,94.08,53,61,1.99,broken clouds
635,Toamasina,MG,-18.1667,49.3833,69.24,85,80,4.83,light rain
636,Losal,IN,27.4,74.9167,83.48,74,100,7.05,overcast clouds
637,Sorong,ID,-0.8833,131.25,76.91,92,100,14.2,overcast clouds
638,Talalayivka,UA,50.9578,31.9209,69.39,66,14,4.41,few clouds
639,Soyo,AO,-6.1349,12.3689,70.61,86,37,7.31,scattered clouds
640,Grieskirchen,AT,48.2333,13.8333,76.46,71,91,5.93,overcast clouds
641,Gikongoro,RW,-2.464,29.5739,65.8,54,92,4.14,overcast clouds
642,Meadow Lake,US,34.8014,-106.5436,92.61,31,23,6.96,few clouds
643,Manokwari,ID,-0.8667,134.0833,77.72,79,82,3.89,broken clouds
644,Pokosnoye,RU,55.5258,101.0536,58.71,86,88,8.41,overcast clouds
645,Sotouboua,TG,8.5667,0.9833,69.91,97,100,3.13,overcast clouds
646,Camargo,MX,27.6667,-105.1667,89.74,28,28,3.83,scattered clouds
647,Moron,AR,-34.6534,-58.6198,62.02,99,83,1.48,broken clouds
648,San Pedro,PH,14.35,121.0167,81.63,88,20,4.61,few clouds
649,Hun,LY,29.1268,15.9477,88.52,21,0,8.03,clear sky
650,Broken Hill,AU,-31.95,141.4333,52.41,76,0,6.58,clear sky
651,Ust-Kulom,RU,61.6864,53.6902,61.54,94,33,0.51,scattered clouds
652,Margate,GB,51.3813,1.3862,75.87,49,89,4.0,overcast clouds
653,Teknaf,BD,20.8624,92.3058,78.3,90,96,8.48,overcast clouds
654,Ankang,CN,32.68,109.0172,71.31,79,0,0.58,clear sky
655,Lazarev,RU,52.225,141.5131,55.85,84,7,1.72,clear sky
656,Tabory,RU,58.5198,64.5495,59.9,62,57,3.53,broken clouds
657,Praia,CV,14.9215,-23.5087,79.81,80,66,9.44,light rain
658,Wharton,US,29.3116,-96.1027,97.09,51,0,10.36,clear sky
659,Lafiagi,NG,8.8667,5.4167,74.8,92,100,4.88,light rain
660,Tefe,BR,-3.3542,-64.7114,87.91,70,75,4.61,broken clouds
661,Jipijapa,EC,-1.3333,-80.5833,72.9,73,99,3.33,overcast clouds
662,Manado,ID,1.487,124.8455,75.97,94,20,1.14,few clouds
663,Nara,JP,34.6851,135.8049,74.5,61,100,1.77,overcast clouds
664,Kulhudhuffushi,MV,6.6221,73.07,81.57,79,42,15.23,scattered clouds
665,Santa Clara,CU,22.4,-79.9667,87.46,62,40,18.41,scattered clouds
666,Dukat,RU,62.55,155.55,44.73,69,61,5.37,broken clouds
667,Alamos,MX,27.0167,-108.9333,88.29,49,99,4.0,overcast clouds
668,Santa Rosa,PH,14.3122,121.1114,78.67,88,96,3.29,overcast clouds
669,Vieira De Leiria,PT,39.8695,-8.9324,80.85,65,29,8.99,scattered clouds
670,Stelle,DE,53.3842,10.1114,66.42,61,46,7.9,scattered clouds
671,Inhambane,MZ,-23.865,35.3833,67.98,77,20,4.61,few clouds
